﻿<?xml version="1.0" encoding="utf-8"?>
<LanguageData>

  <Make_EvolvedChunk.label>制作高阶组织</Make_EvolvedChunk.label>
  <Make_EvolvedChunk.description>制作高阶组织。</Make_EvolvedChunk.description>
  <Make_EvolvedChunk.jobString>正在制作高阶组织。</Make_EvolvedChunk.jobString>

  <Make_Humanoid_Protein.label>提炼类人蛋白质</Make_Humanoid_Protein.label>
  <Make_Humanoid_Protein.description>从类人肉中提炼蛋白质。</Make_Humanoid_Protein.description>
  <Make_Humanoid_Protein.jobString>正在提炼类人蛋白质。</Make_Humanoid_Protein.jobString>


</LanguageData>