﻿<?xml version="1.0" encoding="utf-8"?>
<LanguageData>

  <EVO_InstallEvolvedArm_Primary.label>安装高阶臂（主臂）</EVO_InstallEvolvedArm_Primary.label>
  <EVO_InstallEvolvedArm_Primary.description>安装高阶臂（主臂）。</EVO_InstallEvolvedArm_Primary.description>
  <EVO_InstallEvolvedArm_Primary.jobString>正在安装高阶臂（主臂）。</EVO_InstallEvolvedArm_Primary.jobString>

  <EVO_InstallEvolvedArm_Secondary.label>安装高阶臂（次臂）</EVO_InstallEvolvedArm_Secondary.label>
  <EVO_InstallEvolvedArm_Secondary.description>安装高阶臂（次臂）。</EVO_InstallEvolvedArm_Secondary.description>
  <EVO_InstallEvolvedArm_Secondary.jobString>正在安装高阶臂（次臂）。</EVO_InstallEvolvedArm_Secondary.jobString>

  <EVO_InstallEvolvedArmClaw_Primary.label>安装高阶动力爪（主臂）</EVO_InstallEvolvedArmClaw_Primary.label>
  <EVO_InstallEvolvedArmClaw_Primary.description>安装高阶动力爪（主臂）。</EVO_InstallEvolvedArmClaw_Primary.description>
  <EVO_InstallEvolvedArmClaw_Primary.jobString>正在安装高阶动力爪（主臂）。</EVO_InstallEvolvedArmClaw_Primary.jobString>

  <EVO_InstallEvolvedArmClaw_Secondary.label>安装高阶动力爪（次臂）</EVO_InstallEvolvedArmClaw_Secondary.label>
  <EVO_InstallEvolvedArmClaw_Secondary.description>安装高阶动力爪（次臂）。</EVO_InstallEvolvedArmClaw_Secondary.description>
  <EVO_InstallEvolvedArmClaw_Secondary.jobString>正在安装高阶动力爪（次臂）。</EVO_InstallEvolvedArmClaw_Secondary.jobString>

  <EVO_InstallEvolvedArmSabre_Primary.label>安装高阶刀臂（主臂）</EVO_InstallEvolvedArmSabre_Primary.label>
  <EVO_InstallEvolvedArmSabre_Primary.description>安装高阶刀臂（主臂）。</EVO_InstallEvolvedArmSabre_Primary.description>
  <EVO_InstallEvolvedArmSabre_Primary.jobString>正在安装高阶刀臂（主臂）。</EVO_InstallEvolvedArmSabre_Primary.jobString>

  <EVO_InstallEvolvedArmSabre_Secondary.label>安装高阶刀臂（次臂）</EVO_InstallEvolvedArmSabre_Secondary.label>
  <EVO_InstallEvolvedArmSabre_Secondary.description>安装高阶刀臂（次臂）。</EVO_InstallEvolvedArmSabre_Secondary.description>
  <EVO_InstallEvolvedArmSabre_Secondary.jobString>正在安装高阶刀臂（次臂）。</EVO_InstallEvolvedArmSabre_Secondary.jobString>

  <EVO_InstallEvolvedArmMace_Primary.label>安装高阶锤臂（主臂）</EVO_InstallEvolvedArmMace_Primary.label>
  <EVO_InstallEvolvedArmMace_Primary.description>安装安装高阶锤臂（主臂）。</EVO_InstallEvolvedArmMace_Primary.description>
  <EVO_InstallEvolvedArmMace_Primary.jobString>正在安装高阶锤臂（主臂）。</EVO_InstallEvolvedArmMace_Primary.jobString>

  <EVO_InstallEvolvedArmMace_Secondary.label>安装高阶锤臂（次臂）</EVO_InstallEvolvedArmMace_Secondary.label>
  <EVO_InstallEvolvedArmMace_Secondary.description>安装高阶锤臂（次臂）。</EVO_InstallEvolvedArmMace_Secondary.description>
  <EVO_InstallEvolvedArmMace_Secondary.jobString>正在安装高阶锤臂（次臂）。</EVO_InstallEvolvedArmMace_Secondary.jobString>

  <EVO_InstallEvolvedArmTentacle_Primary.label>安装高阶触手（主臂）</EVO_InstallEvolvedArmTentacle_Primary.label>
  <EVO_InstallEvolvedArmTentacle_Primary.description>安装高阶触手（主臂）。</EVO_InstallEvolvedArmTentacle_Primary.description>
  <EVO_InstallEvolvedArmTentacle_Primary.jobString>正在安装高阶触手（主臂）。</EVO_InstallEvolvedArmTentacle_Primary.jobString>

  <EVO_InstallEvolvedArmTentacle_Secondary.label>安装高阶触手（次臂）</EVO_InstallEvolvedArmTentacle_Secondary.label>
  <EVO_InstallEvolvedArmTentacle_Secondary.description>安装高阶触手（次臂）。</EVO_InstallEvolvedArmTentacle_Secondary.description>
  <EVO_InstallEvolvedArmTentacle_Secondary.jobString>正在安装高阶触手（次臂）。</EVO_InstallEvolvedArmTentacle_Secondary.jobString>

  <EVO_InstallEvolvedArmShield_Primary.label>安装高阶盾臂（主臂）</EVO_InstallEvolvedArmShield_Primary.label>
  <EVO_InstallEvolvedArmShield_Primary.description>安装高阶盾臂（主臂）。</EVO_InstallEvolvedArmShield_Primary.description>
  <EVO_InstallEvolvedArmShield_Primary.jobString>正在安装高阶盾臂（主臂）。</EVO_InstallEvolvedArmShield_Primary.jobString>

  <EVO_InstallEvolvedArmShield_Secondary.label>安装高阶盾臂（次臂）</EVO_InstallEvolvedArmShield_Secondary.label>
  <EVO_InstallEvolvedArmShield_Secondary.description>安装高阶盾臂（次臂）。</EVO_InstallEvolvedArmShield_Secondary.description>
  <EVO_InstallEvolvedArmShield_Secondary.jobString>正在安装高阶盾臂（次臂）。</EVO_InstallEvolvedArmShield_Secondary.jobString>


</LanguageData>