﻿<?xml version="1.0" encoding="utf-8"?>
<LanguageData>

  <EVO_InstallEvolvedSecondaryHeart.label>安装高阶第二心脏</EVO_InstallEvolvedSecondaryHeart.label>
  <EVO_InstallEvolvedSecondaryHeart.description>安装高阶第二心脏。</EVO_InstallEvolvedSecondaryHeart.description>
  <EVO_InstallEvolvedSecondaryHeart.jobString>正在安装高阶第二心脏。</EVO_InstallEvolvedSecondaryHeart.jobString>

  <EVO_InstallEvolvedPrimaryHeart.label>安装高阶心脏</EVO_InstallEvolvedPrimaryHeart.label>
  <EVO_InstallEvolvedPrimaryHeart.description>安装高阶心脏。</EVO_InstallEvolvedPrimaryHeart.description>
  <EVO_InstallEvolvedPrimaryHeart.jobString>正在安装高阶心脏。</EVO_InstallEvolvedPrimaryHeart.jobString>

  <EVO_InstallEvolvedKidney.label>安装高阶肾</EVO_InstallEvolvedKidney.label>
  <EVO_InstallEvolvedKidney.description>安装高阶肾。</EVO_InstallEvolvedKidney.description>
  <EVO_InstallEvolvedKidney.jobString>正在安装高阶肾。</EVO_InstallEvolvedKidney.jobString>

  <EVO_InstallEvolvedLung.label>安装高阶肺</EVO_InstallEvolvedLung.label>
  <EVO_InstallEvolvedLung.description>安装高阶肺。</EVO_InstallEvolvedLung.description>
  <EVO_InstallEvolvedLung.jobString>正在安装高阶肺。</EVO_InstallEvolvedLung.jobString>

  <EVO_InstallEvolvedJaw.label>安装高阶下颌</EVO_InstallEvolvedJaw.label>
  <EVO_InstallEvolvedJaw.description>安装高阶下颌。</EVO_InstallEvolvedJaw.description>
  <EVO_InstallEvolvedJaw.jobString>正在安装高阶下颌。</EVO_InstallEvolvedJaw.jobString>

  <EVO_InstallEvolvedThirdLung.label>安装高阶第三肺</EVO_InstallEvolvedThirdLung.label>
  <EVO_InstallEvolvedThirdLung.description>安装高阶第三肺。</EVO_InstallEvolvedThirdLung.description>
  <EVO_InstallEvolvedThirdLung.jobString>正在安装高阶第三肺。</EVO_InstallEvolvedThirdLung.jobString>

  <EVO_InstallEvolvedStomach.label>安装高阶胃</EVO_InstallEvolvedStomach.label>
  <EVO_InstallEvolvedStomach.description>安装高阶胃。</EVO_InstallEvolvedStomach.description>
  <EVO_InstallEvolvedStomach.jobString>正在安装高阶胃。</EVO_InstallEvolvedStomach.jobString>

  <EVO_InstallEvolvedLiver.label>安装高阶肝</EVO_InstallEvolvedLiver.label>
  <EVO_InstallEvolvedLiver.description>安装高阶肝。</EVO_InstallEvolvedLiver.description>
  <EVO_InstallEvolvedLiver.jobString>正在安装高阶肝。</EVO_InstallEvolvedLiver.jobString>

  <EVO_InstallEvolvedBrain.label>安装高阶大脑</EVO_InstallEvolvedBrain.label>
  <EVO_InstallEvolvedBrain.description>安装高阶大脑。</EVO_InstallEvolvedBrain.description>
  <EVO_InstallEvolvedBrain.jobString>正在安装高阶大脑。</EVO_InstallEvolvedBrain.jobString>

  <EVO_InstallEvolvedEye.label>安装高阶眼</EVO_InstallEvolvedEye.label>
  <EVO_InstallEvolvedEye.description>安装高阶眼。</EVO_InstallEvolvedEye.description>
  <EVO_InstallEvolvedEye.jobString>正在安装高阶眼。</EVO_InstallEvolvedEye.jobString>

  <EVO_InstallEvolvedPinions.label>安装高阶齿轮</EVO_InstallEvolvedPinions.label>
  <EVO_InstallEvolvedPinions.description>安装高阶齿轮。</EVO_InstallEvolvedPinions.description>
  <EVO_InstallEvolvedPinions.jobString>正在安装高阶齿轮。</EVO_InstallEvolvedPinions.jobString>

  <EVO_InstallEvolvedSpine.label>安装高阶脊椎</EVO_InstallEvolvedSpine.label>
  <EVO_InstallEvolvedSpine.description>安装高阶脊椎。</EVO_InstallEvolvedSpine.description>
  <EVO_InstallEvolvedSpine.jobString>正在安装高阶脊椎。</EVO_InstallEvolvedSpine.jobString>

  <EVO_InstallEvolvedNose.label>安装高阶鼻</EVO_InstallEvolvedNose.label>
  <EVO_InstallEvolvedNose.description>安装高阶鼻。</EVO_InstallEvolvedNose.description>
  <EVO_InstallEvolvedNose.jobString>正在安装高阶鼻。</EVO_InstallEvolvedNose.jobString>

  <EVO_InstallEvolvedEar.label>安装高阶耳</EVO_InstallEvolvedEar.label>
  <EVO_InstallEvolvedEar.description>安装高阶耳。</EVO_InstallEvolvedEar.description>
  <EVO_InstallEvolvedEar.jobString>正在安装高阶耳。</EVO_InstallEvolvedEar.jobString>

  <EVO_InstallEvolvedRibcage.label>安装高阶胸腔</EVO_InstallEvolvedRibcage.label>
  <EVO_InstallEvolvedRibcage.description>安装高阶胸腔。</EVO_InstallEvolvedRibcage.description>
  <EVO_InstallEvolvedRibcage.jobString>正在安装高阶胸腔。</EVO_InstallEvolvedRibcage.jobString>

  <EVO_InstallEvolvedLeg.label>安装高阶腿</EVO_InstallEvolvedLeg.label>
  <EVO_InstallEvolvedLeg.description>安装高阶腿。</EVO_InstallEvolvedLeg.description>
  <EVO_InstallEvolvedLeg.jobString>正在安装高阶腿。</EVO_InstallEvolvedLeg.jobString>

  <EVO_InstallEvolvedTail.label>安装高阶尾巴</EVO_InstallEvolvedTail.label>
  <EVO_InstallEvolvedTail.description>安装高阶尾巴。</EVO_InstallEvolvedTail.description>
  <EVO_InstallEvolvedTail.jobString>正在安装高阶尾巴。</EVO_InstallEvolvedTail.jobString>

  <EVO_InstallEvolvedCombatGlands.label>安装高阶战斗腺体</EVO_InstallEvolvedCombatGlands.label>
  <EVO_InstallEvolvedCombatGlands.description>安装高阶战斗腺体。</EVO_InstallEvolvedCombatGlands.description>
  <EVO_InstallEvolvedCombatGlands.jobString>正在安装高阶战斗腺体。</EVO_InstallEvolvedCombatGlands.jobString>

  <EVO_InstallEvolvedLarnyx.label>安装高阶耳</EVO_InstallEvolvedLarnyx.label>
  <EVO_InstallEvolvedLarnyx.description>安装高阶耳。</EVO_InstallEvolvedLarnyx.description>
  <EVO_InstallEvolvedLarnyx.jobString>正在安装高阶耳。</EVO_InstallEvolvedLarnyx.jobString>

  <EVO_InstallEvolvedCarapace.label>安装高阶皮肤</EVO_InstallEvolvedCarapace.label>
  <EVO_InstallEvolvedCarapace.description>安装高阶皮肤。</EVO_InstallEvolvedCarapace.description>
  <EVO_InstallEvolvedCarapace.jobString>正在安装高阶皮肤。</EVO_InstallEvolvedCarapace.jobString>

  <EVO_InstallEvolvedSpider.label>安装高阶蜘腿</EVO_InstallEvolvedSpider.label>
  <EVO_InstallEvolvedSpider.description>安装高阶蜘腿。</EVO_InstallEvolvedSpider.description>
  <EVO_InstallEvolvedSpider.jobString>正在安装高阶蜘腿。</EVO_InstallEvolvedSpider.jobString>


</LanguageData>