﻿<?xml version="1.0" encoding="utf-8"?>
<LanguageData>

  <!-- SPECIAL: These Recipes from makeable ThingDefs (which include <recipeMaker>), generated by RimTrans -->


  <!-- Recipe Users: EvolvedWorkbench -->

  <Make_EvolvedSecondHeart.label>制作高阶第二心脏</Make_EvolvedSecondHeart.label>
  <Make_EvolvedSecondHeart.description>制作高阶第二心脏。</Make_EvolvedSecondHeart.description>
  <Make_EvolvedSecondHeart.jobString>正在使进化的第二心脏。</Make_EvolvedSecondHeart.jobString>

  <Make_EvolvedPrimaryHeart.label>制作高阶心脏</Make_EvolvedPrimaryHeart.label>
  <Make_EvolvedPrimaryHeart.description>制作高阶心脏。</Make_EvolvedPrimaryHeart.description>
  <Make_EvolvedPrimaryHeart.jobString>正在制作高阶心脏。</Make_EvolvedPrimaryHeart.jobString>

  <Make_EvolvedKidney.label>制作高阶肾</Make_EvolvedKidney.label>
  <Make_EvolvedKidney.description>制作高阶肾。</Make_EvolvedKidney.description>
  <Make_EvolvedKidney.jobString>正在制作高阶肾。</Make_EvolvedKidney.jobString>

  <Make_EvolvedLung.label>制作高阶肺</Make_EvolvedLung.label>
  <Make_EvolvedLung.description>制作高阶肺。</Make_EvolvedLung.description>
  <Make_EvolvedLung.jobString>正在制作高阶肺。</Make_EvolvedLung.jobString>

  <Make_EvolvedThirdLung.label>制作高阶第三肺</Make_EvolvedThirdLung.label>
  <Make_EvolvedThirdLung.description>制作高阶第三肺。</Make_EvolvedThirdLung.description>
  <Make_EvolvedThirdLung.jobString>正在制作高阶第三肺。</Make_EvolvedThirdLung.jobString>

  <Make_EvolvedStomach.label>制作高阶胃</Make_EvolvedStomach.label>
  <Make_EvolvedStomach.description>制作高阶胃。</Make_EvolvedStomach.description>
  <Make_EvolvedStomach.jobString>正在制作高阶胃。</Make_EvolvedStomach.jobString>

  <Make_EvolvedLiver.label>制作高阶肝</Make_EvolvedLiver.label>
  <Make_EvolvedLiver.description>制作高阶肝。</Make_EvolvedLiver.description>
  <Make_EvolvedLiver.jobString>正在制作高阶肝。</Make_EvolvedLiver.jobString>

  <Make_EvolvedEye.label>制作高阶眼</Make_EvolvedEye.label>
  <Make_EvolvedEye.description>制作高阶眼。</Make_EvolvedEye.description>
  <Make_EvolvedEye.jobString>正在制作高阶眼。</Make_EvolvedEye.jobString>

  <Make_EvolvedPinions.label>制作高阶齿轮</Make_EvolvedPinions.label>
  <Make_EvolvedPinions.description>制作高阶齿轮。</Make_EvolvedPinions.description>
  <Make_EvolvedPinions.jobString>正在制作高阶齿轮。</Make_EvolvedPinions.jobString>

  <Make_EvolvedCombatGlands.label>制作高阶战斗腺体</Make_EvolvedCombatGlands.label>
  <Make_EvolvedCombatGlands.description>制作高阶战斗腺体。</Make_EvolvedCombatGlands.description>
  <Make_EvolvedCombatGlands.jobString>正在制作高阶战斗腺体。</Make_EvolvedCombatGlands.jobString>

  <Make_EvolvedLeg.label>制作高阶腿</Make_EvolvedLeg.label>
  <Make_EvolvedLeg.description>制作高阶腿。</Make_EvolvedLeg.description>
  <Make_EvolvedLeg.jobString>正在制作高阶腿。</Make_EvolvedLeg.jobString>

  <Make_EvolvedNose.label>制作高阶鼻</Make_EvolvedNose.label>
  <Make_EvolvedNose.description>制作高阶鼻。</Make_EvolvedNose.description>
  <Make_EvolvedNose.jobString>正在制作高阶鼻。</Make_EvolvedNose.jobString>

  <Make_EvolvedLarnyx.label>制作高阶喉咙</Make_EvolvedLarnyx.label>
  <Make_EvolvedLarnyx.description>制作高阶喉咙。</Make_EvolvedLarnyx.description>
  <Make_EvolvedLarnyx.jobString>正在制作高阶喉咙。</Make_EvolvedLarnyx.jobString>

  <Make_EvolvedEar.label>制作高阶耳</Make_EvolvedEar.label>
  <Make_EvolvedEar.description>制作高阶耳。</Make_EvolvedEar.description>
  <Make_EvolvedEar.jobString>正在制作高阶耳。</Make_EvolvedEar.jobString>

  <Make_EvolvedRibcage.label>制作高阶胸腔</Make_EvolvedRibcage.label>
  <Make_EvolvedRibcage.description>制作高阶胸腔。</Make_EvolvedRibcage.description>
  <Make_EvolvedRibcage.jobString>正在制作高阶胸腔。</Make_EvolvedRibcage.jobString>

  <Make_EvolvedCarapace.label>制作高阶皮肤</Make_EvolvedCarapace.label>
  <Make_EvolvedCarapace.description>制作高阶皮肤。</Make_EvolvedCarapace.description>
  <Make_EvolvedCarapace.jobString>正在制作高阶皮肤。</Make_EvolvedCarapace.jobString>

  <Make_EvolvedSpine.label>制作高阶脊椎</Make_EvolvedSpine.label>
  <Make_EvolvedSpine.description>制作高阶脊椎。</Make_EvolvedSpine.description>
  <Make_EvolvedSpine.jobString>正在制作高阶脊椎。</Make_EvolvedSpine.jobString>

  <Make_EvolvedTail.label>制作高阶尾巴</Make_EvolvedTail.label>
  <Make_EvolvedTail.description>制作高阶尾巴。</Make_EvolvedTail.description>
  <Make_EvolvedTail.jobString>正在制作高阶尾巴。</Make_EvolvedTail.jobString>

  <Make_EvolvedJaw.label>制作高阶下颌</Make_EvolvedJaw.label>
  <Make_EvolvedJaw.description>制作高阶下颌。</Make_EvolvedJaw.description>
  <Make_EvolvedJaw.jobString>正在制作高阶下颌。</Make_EvolvedJaw.jobString>

  <Make_EvolvedBrain.label>制作高阶大脑</Make_EvolvedBrain.label>
  <Make_EvolvedBrain.description>制作高阶大脑。</Make_EvolvedBrain.description>
  <Make_EvolvedBrain.jobString>正在制作高阶大脑。</Make_EvolvedBrain.jobString>

  <Make_EvolvedArm.label>制作高阶臂</Make_EvolvedArm.label>
  <Make_EvolvedArm.description>制作高阶臂。</Make_EvolvedArm.description>
  <Make_EvolvedArm.jobString>正在制作高阶臂。</Make_EvolvedArm.jobString>

  <Make_EvolvedArmClaw.label>制作高阶动力爪</Make_EvolvedArmClaw.label>
  <Make_EvolvedArmClaw.description>制作高阶动力爪。</Make_EvolvedArmClaw.description>
  <Make_EvolvedArmClaw.jobString>正在制作高阶动力爪。</Make_EvolvedArmClaw.jobString>

  <Make_EvolvedArmSabre.label>制作高阶刀臂</Make_EvolvedArmSabre.label>
  <Make_EvolvedArmSabre.description>制作高阶刀臂。</Make_EvolvedArmSabre.description>
  <Make_EvolvedArmSabre.jobString>正在制作高阶刀臂。</Make_EvolvedArmSabre.jobString>

  <Make_EvolvedArmMace.label>制作高阶锤臂</Make_EvolvedArmMace.label>
  <Make_EvolvedArmMace.description>制作高阶锤臂。</Make_EvolvedArmMace.description>
  <Make_EvolvedArmMace.jobString>正在制作高阶锤臂。</Make_EvolvedArmMace.jobString>

  <Make_EvolvedArmTentacle.label>制作高阶触手</Make_EvolvedArmTentacle.label>
  <Make_EvolvedArmTentacle.description>制作高阶触手。</Make_EvolvedArmTentacle.description>
  <Make_EvolvedArmTentacle.jobString>正在制作高阶触手。</Make_EvolvedArmTentacle.jobString>

  <Make_EvolvedArmShield.label>制作高阶盾臂</Make_EvolvedArmShield.label>
  <Make_EvolvedArmShield.description>制作高阶盾臂。</Make_EvolvedArmShield.description>
  <Make_EvolvedArmShield.jobString>正在制作高阶盾臂。</Make_EvolvedArmShield.jobString>

  <Make_EvolvedSpider.label>制作高阶蜘腿</Make_EvolvedSpider.label>
  <Make_EvolvedSpider.description>制作高阶蜘腿。</Make_EvolvedSpider.description>
  <Make_EvolvedSpider.jobString>正在制作高阶蜘腿。</Make_EvolvedSpider.jobString>


</LanguageData>