﻿<?xml version="1.0" encoding="utf-8"?>
<LanguageData>

  <EvolvedOrgansR1.label>解锁制作进化细胞</EvolvedOrgansR1.label>
  <EvolvedOrgansR1.description>通过结合生物学和仿生学的知识，创造出比自然存在的所有细胞都更具潜力的细胞和组织。</EvolvedOrgansR1.description>

  <EvolvedOrgansR2.label>解锁制作高阶器官</EvolvedOrgansR2.label>
  <EvolvedOrgansR2.description>允许用进化后的细胞分化成远超任何自然身体部件的高阶器官。</EvolvedOrgansR2.description>


</LanguageData>