﻿<?xml version="1.0" encoding="utf-8"?>
<LanguageData>

  <EvolvedWorkbench.label>器官演化台</EvolvedWorkbench.label>
  <EvolvedWorkbench.description>一个用于高速导向演化器官，培育比自然部件更强的工作台。</EvolvedWorkbench.description>
  <EvolvedWorkbench_Blueprint.label>器官演化台（蓝图）</EvolvedWorkbench_Blueprint.label>
  <EvolvedWorkbench_Blueprint_Install.label>器官演化台（蓝图）</EvolvedWorkbench_Blueprint_Install.label>
  <EvolvedWorkbench_Frame.label>器官演化台（建造中）</EvolvedWorkbench_Frame.label>
  <EvolvedWorkbench_Frame.description>一个用于高速导向演化器官，培育比自然部件更强的工作台。</EvolvedWorkbench_Frame.description>


</LanguageData>