﻿<?xml version="1.0" encoding="utf-8"?>
<LanguageData>

  <EvolvedChunk.label>高阶组织</EvolvedChunk.label>
  <EvolvedChunk.description>一大块不显眼的组织。它的细胞能够快速的分化和分裂，能用其制作出甚至远超远古科技的各种不可思议的器官。</EvolvedChunk.description>

  <EVO_Humanoid_Protein.label>类人蛋白质</EVO_Humanoid_Protein.label>
  <EVO_Humanoid_Protein.description>由试管装着的类人蛋白质，可在器官演化台合成高阶组织，以用于后续的植入物和器官的制作。</EVO_Humanoid_Protein.description>


</LanguageData>