﻿<?xml version="1.0" encoding="utf-8"?>
<LanguageData>

  <EvolvedSecondHeart.label>高阶第二心脏</EvolvedSecondHeart.label>
  <EvolvedSecondHeart.description>经高速导向演化后加以制作出来的第二心脏。能让被植入者在主要心脏衰竭时给予一定程度上的缓冲，从而存活下去。</EvolvedSecondHeart.description>

  <EvolvedPrimaryHeart.label>高阶心脏</EvolvedPrimaryHeart.label>
  <EvolvedPrimaryHeart.description>经高速导向演化后加以制作出来的心脏。与普通心脏相比具有更高的效率和恢复速度，由稳定与强大组织演化而成。</EvolvedPrimaryHeart.description>

  <EvolvedKidney.label>高阶肾</EvolvedKidney.label>
  <EvolvedKidney.description>经高速导向演化后加以制作出来的肾。能更高效地过滤血液中的有毒物质和杂质。</EvolvedKidney.description>

  <EvolvedLung.label>高阶肺</EvolvedLung.label>
  <EvolvedLung.description>经高速导向演化后加以制作出来的肺。是最高级的肺部器官，大幅度提升被植入者的呼吸效率。</EvolvedLung.description>

  <EvolvedThirdLung.label>高阶第三肺</EvolvedThirdLung.label>
  <EvolvedThirdLung.description>经高速导向演化后加以制作出来的第三肺。额外增加被植入者呼吸效率，重要的是，能够更有效地抵抗空气中的毒素。</EvolvedThirdLung.description>

  <EvolvedStomach.label>高阶胃</EvolvedStomach.label>
  <EvolvedStomach.description>经高速导向演化后加以制作出来的胃。几乎能将任何东西分解成有用的营养素，甚至大块金属都可以消化。</EvolvedStomach.description>

  <EvolvedLiver.label>高阶肝</EvolvedLiver.label>
  <EvolvedLiver.description>经高速导向演化后加以制作出来的肝。能够从血液中过滤出大量毒素，并且比正常肝脏更有效地调节身体。</EvolvedLiver.description>

  <EvolvedEye.label>高阶眼</EvolvedEye.label>
  <EvolvedEye.description>经高速导向演化后加以制作出来的眼睛。允许被植入者看到多个波长的电磁波，同时提供伸缩视觉效果，还会分泌额外的大脑物质来处理这些信息以减轻脑部压力。</EvolvedEye.description>

  <EvolvedPinions.label>高阶齿轮</EvolvedPinions.label>
  <EvolvedPinions.description>经高速导向演化后加以制作出来的一组小齿轮。让被植入者在中等负重情况下可以超高速移动，非常耐用。</EvolvedPinions.description>

  <EvolvedCombatGlands.label>高阶战斗腺体</EvolvedCombatGlands.label>
  <EvolvedCombatGlands.description>经高速导向演化后加以制作出来的战斗腺体。使东道主在激烈的战斗中更有效地打击敌人的行动。</EvolvedCombatGlands.description>

  <EvolvedLeg.label>高阶腿</EvolvedLeg.label>
  <EvolvedLeg.description>经高速导向演化后加以制作出来的腿。能让被植入者高速移动，增加其负重能力。</EvolvedLeg.description>

  <EvolvedNose.label>高阶鼻</EvolvedNose.label>
  <EvolvedNose.description>经高速导向演化后加以制作出来的鼻子。使宿主能够检测周围化学物质的细微变化，从而提高种植和驯兽时的效率。</EvolvedNose.description>

  <EvolvedLarnyx.label>高阶喉咙</EvolvedLarnyx.label>
  <EvolvedLarnyx.description>经高速导向演化后加以制作出来的声带。允许被植入者改变他们的声音来吸引人类，同时拥有在战斗中作为回声定位的功能，帮助被植入者更好的瞄准。</EvolvedLarnyx.description>

  <EvolvedEar.label>高阶耳</EvolvedEar.label>
  <EvolvedEar.description>经高速导向演化后加以制作出来的耳朵。允许被植入者听到远超正常范围的声音，甚至能其感知到该区域的压力的微小变化。</EvolvedEar.description>

  <EvolvedRibcage.label>高阶胸腔</EvolvedRibcage.label>
  <EvolvedRibcage.description>经高速导向演化后加以制作出来的胸腔。能为被植入者抵挡更多躯干部位的伤害，是十分坚固的第二层装甲。</EvolvedRibcage.description>

  <EvolvedCarapace.label>高阶皮肤</EvolvedCarapace.label>
  <EvolvedCarapace.description>经高速导向演化后加以制作出来的皮肤。能让被植入者忽略对强光对皮肤的损伤，同时也是十分优秀的隔温材料，能有效的抵挡外界的温度变化。</EvolvedCarapace.description>

  <EvolvedSpine.label>高阶脊椎</EvolvedSpine.label>
  <EvolvedSpine.description>经高速导向演化后加以制作出来的脊椎。其集成的神经簇可以使被植入者对情况作出更快的反应，从而提高效率。</EvolvedSpine.description>

  <EvolvedTail.label>高阶尾巴</EvolvedTail.label>
  <EvolvedTail.description>经高速导向演化后加以制作出来的尾巴。可以稍微提高被植入者操作能力，其主要用处是尾巴尖端上的刀刃，可以增加战斗能力。</EvolvedTail.description>

  <EvolvedJaw.label>高阶下颌</EvolvedJaw.label>
  <EvolvedJaw.description>经高速导向演化后加以制作出来的下颌。允许被植入者快速吞食食物，同时提高外交效果。包含可伸缩的尖牙，可用以战斗。</EvolvedJaw.description>

  <EvolvedBrain.label>高阶大脑</EvolvedBrain.label>
  <EvolvedBrain.description>经高速导向演化后加以制作出来的大脑。增强被植入者的处理、学习、研究能力，并有处理大量精神压力的新方法。</EvolvedBrain.description>

  <EvolvedArm.label>高阶臂</EvolvedArm.label>
  <EvolvedArm.description>经高速导向演化后加以制作出来的手臂。在所有方面都远胜自然手臂，甚至超过了仿生学。</EvolvedArm.description>

  <EvolvedArmClaw.label>高阶动力爪</EvolvedArmClaw.label>
  <EvolvedArmClaw.description>经高速导向演化后加以制作出来的动力爪。虽然被植入者在操作能力上太大的提升，战斗能力也比不上高阶刀臂，但其能力在两者之间。</EvolvedArmClaw.description>

  <EvolvedArmSabre.label>高阶刀臂</EvolvedArmSabre.label>
  <EvolvedArmSabre.description>经高速导向演化后加以制作出来的带刀刃的手臂。它并不十分擅长操控精细物体，但它是边缘世界已知的最致命的近战武器之一。</EvolvedArmSabre.description>

  <EvolvedArmMace.label>高阶锤臂</EvolvedArmMace.label>
  <EvolvedArmMace.description>经高速导向演化后加以制作出来的类似权锤的手臂。它并不十分不擅长操控精细物体，但它是边缘地区已知的最致命的近战武器之一。</EvolvedArmMace.description>

  <EvolvedArmTentacle.label>高阶触手</EvolvedArmTentacle.label>
  <EvolvedArmTentacle.description>经高速导向演化后加以制作出来的触须状手臂。不适用于战斗，但由于其关节多，可覆盖的范围广，操纵物体的能力很强。</EvolvedArmTentacle.description>

  <EvolvedArmShield.label>高阶盾臂</EvolvedArmShield.label>
  <EvolvedArmShield.description>经高速导向演化后加以制作出来的盾牌状的手臂。除了用于阻挡伤害之外，它不增加任何战斗能力，给用户提供强大的防御能力。</EvolvedArmShield.description>

  <EvolvedSpider.label>高阶蜘腿</EvolvedSpider.label>
  <EvolvedSpider.description>经高速导向演化后加以制作出来的额外的腿群。这些模仿蜘蛛制作出来的额外的腿安装在腰部，能让被植入者在战场上更灵活。</EvolvedSpider.description>


</LanguageData>