﻿<?xml version="1.0" encoding="utf-8"?>
<LanguageData>

  <!--[Core] <Human.label>人类</Human.label>-->
  <!--[Core] <Human.corePart.parts.6.customLabel>left lung</Human.corePart.parts.6.customLabel>-->
  <!--[Core] <Human.corePart.parts.7.customLabel>right lung</Human.corePart.parts.7.customLabel>-->
  <!--[Core] <Human.corePart.parts.8.customLabel>left kidney</Human.corePart.parts.8.customLabel>-->
  <!--[Core] <Human.corePart.parts.9.customLabel>right kidney</Human.corePart.parts.9.customLabel>-->
  <!--[Core] <Human.corePart.parts.11.parts.0.parts.1.customLabel>left eye</Human.corePart.parts.11.parts.0.parts.1.customLabel>-->
  <!--[Core] <Human.corePart.parts.11.parts.0.parts.2.customLabel>right eye</Human.corePart.parts.11.parts.0.parts.2.customLabel>-->
  <!--[Core] <Human.corePart.parts.11.parts.0.parts.3.customLabel>left ear</Human.corePart.parts.11.parts.0.parts.3.customLabel>-->
  <!--[Core] <Human.corePart.parts.11.parts.0.parts.4.customLabel>right ear</Human.corePart.parts.11.parts.0.parts.4.customLabel>-->
  <!--[Core] <Human.corePart.parts.12.customLabel>left shoulder</Human.corePart.parts.12.customLabel>-->
  <!--[Core] <Human.corePart.parts.12.parts.0.customLabel>left clavicle</Human.corePart.parts.12.parts.0.customLabel>-->
  <!--[Core] <Human.corePart.parts.12.parts.1.customLabel>left arm</Human.corePart.parts.12.parts.1.customLabel>-->
  <!--[Core] <Human.corePart.parts.12.parts.1.parts.0.customLabel>left humerus</Human.corePart.parts.12.parts.1.parts.0.customLabel>-->
  <!--[Core] <Human.corePart.parts.12.parts.1.parts.1.customLabel>left radius</Human.corePart.parts.12.parts.1.parts.1.customLabel>-->
  <!--[Core] <Human.corePart.parts.12.parts.1.parts.2.customLabel>left hand</Human.corePart.parts.12.parts.1.parts.2.customLabel>-->
  <!--[Core] <Human.corePart.parts.12.parts.1.parts.2.parts.0.customLabel>left pinky</Human.corePart.parts.12.parts.1.parts.2.parts.0.customLabel>-->
  <!--[Core] <Human.corePart.parts.12.parts.1.parts.2.parts.1.customLabel>left ring finger</Human.corePart.parts.12.parts.1.parts.2.parts.1.customLabel>-->
  <!--[Core] <Human.corePart.parts.12.parts.1.parts.2.parts.2.customLabel>left middle finger</Human.corePart.parts.12.parts.1.parts.2.parts.2.customLabel>-->
  <!--[Core] <Human.corePart.parts.12.parts.1.parts.2.parts.3.customLabel>left index finger</Human.corePart.parts.12.parts.1.parts.2.parts.3.customLabel>-->
  <!--[Core] <Human.corePart.parts.12.parts.1.parts.2.parts.4.customLabel>left thumb</Human.corePart.parts.12.parts.1.parts.2.parts.4.customLabel>-->
  <!--[Core] <Human.corePart.parts.13.customLabel>right shoulder</Human.corePart.parts.13.customLabel>-->
  <!--[Core] <Human.corePart.parts.13.parts.0.customLabel>right clavicle</Human.corePart.parts.13.parts.0.customLabel>-->
  <!--[Core] <Human.corePart.parts.13.parts.1.customLabel>right arm</Human.corePart.parts.13.parts.1.customLabel>-->
  <!--[Core] <Human.corePart.parts.13.parts.1.parts.0.customLabel>right humerus</Human.corePart.parts.13.parts.1.parts.0.customLabel>-->
  <!--[Core] <Human.corePart.parts.13.parts.1.parts.1.customLabel>right radius</Human.corePart.parts.13.parts.1.parts.1.customLabel>-->
  <!--[Core] <Human.corePart.parts.13.parts.1.parts.2.customLabel>right hand</Human.corePart.parts.13.parts.1.parts.2.customLabel>-->
  <!--[Core] <Human.corePart.parts.13.parts.1.parts.2.parts.0.customLabel>right pinky</Human.corePart.parts.13.parts.1.parts.2.parts.0.customLabel>-->
  <!--[Core] <Human.corePart.parts.13.parts.1.parts.2.parts.1.customLabel>right ring finger</Human.corePart.parts.13.parts.1.parts.2.parts.1.customLabel>-->
  <!--[Core] <Human.corePart.parts.13.parts.1.parts.2.parts.2.customLabel>right middle finger</Human.corePart.parts.13.parts.1.parts.2.parts.2.customLabel>-->
  <!--[Core] <Human.corePart.parts.13.parts.1.parts.2.parts.3.customLabel>right index finger</Human.corePart.parts.13.parts.1.parts.2.parts.3.customLabel>-->
  <!--[Core] <Human.corePart.parts.13.parts.1.parts.2.parts.4.customLabel>right thumb</Human.corePart.parts.13.parts.1.parts.2.parts.4.customLabel>-->
  <!--[Core] <Human.corePart.parts.15.customLabel>left leg</Human.corePart.parts.15.customLabel>-->
  <!--[Core] <Human.corePart.parts.15.parts.0.customLabel>left femur</Human.corePart.parts.15.parts.0.customLabel>-->
  <!--[Core] <Human.corePart.parts.15.parts.1.customLabel>left tibia</Human.corePart.parts.15.parts.1.customLabel>-->
  <!--[Core] <Human.corePart.parts.15.parts.2.customLabel>left foot</Human.corePart.parts.15.parts.2.customLabel>-->
  <!--[Core] <Human.corePart.parts.15.parts.2.parts.0.customLabel>left little toe</Human.corePart.parts.15.parts.2.parts.0.customLabel>-->
  <!--[Core] <Human.corePart.parts.15.parts.2.parts.1.customLabel>left fourth toe</Human.corePart.parts.15.parts.2.parts.1.customLabel>-->
  <!--[Core] <Human.corePart.parts.15.parts.2.parts.2.customLabel>left middle toe</Human.corePart.parts.15.parts.2.parts.2.customLabel>-->
  <!--[Core] <Human.corePart.parts.15.parts.2.parts.3.customLabel>left second toe</Human.corePart.parts.15.parts.2.parts.3.customLabel>-->
  <!--[Core] <Human.corePart.parts.15.parts.2.parts.4.customLabel>left big toe</Human.corePart.parts.15.parts.2.parts.4.customLabel>-->
  <!--[Core] <Human.corePart.parts.16.customLabel>right leg</Human.corePart.parts.16.customLabel>-->
  <!--[Core] <Human.corePart.parts.16.parts.0.customLabel>right femur</Human.corePart.parts.16.parts.0.customLabel>-->
  <!--[Core] <Human.corePart.parts.16.parts.1.customLabel>right tibia</Human.corePart.parts.16.parts.1.customLabel>-->
  <!--[Core] <Human.corePart.parts.16.parts.2.customLabel>right foot</Human.corePart.parts.16.parts.2.customLabel>-->
  <!--[Core] <Human.corePart.parts.16.parts.2.parts.0.customLabel>right little toe</Human.corePart.parts.16.parts.2.parts.0.customLabel>-->
  <!--[Core] <Human.corePart.parts.16.parts.2.parts.1.customLabel>right fourth toe</Human.corePart.parts.16.parts.2.parts.1.customLabel>-->
  <!--[Core] <Human.corePart.parts.16.parts.2.parts.2.customLabel>right middle toe</Human.corePart.parts.16.parts.2.parts.2.customLabel>-->
  <!--[Core] <Human.corePart.parts.16.parts.2.parts.3.customLabel>right second toe</Human.corePart.parts.16.parts.2.parts.3.customLabel>-->
  <!--[Core] <Human.corePart.parts.16.parts.2.parts.4.customLabel>right big toe</Human.corePart.parts.16.parts.2.parts.4.customLabel>-->
  <Human.corePart.parts.17.customLabel>右下肩</Human.corePart.parts.17.customLabel>
  <Human.corePart.parts.18.customLabel>左下肩</Human.corePart.parts.18.customLabel>
  <Human.corePart.parts.19.customLabel>右腹腔</Human.corePart.parts.19.customLabel>
  <Human.corePart.parts.20.customLabel>右胸腔</Human.corePart.parts.20.customLabel>
  <Human.corePart.parts.21.customLabel>左胸腔</Human.corePart.parts.21.customLabel>
  <Human.corePart.parts.23.customLabel>尾骨</Human.corePart.parts.23.customLabel>


</LanguageData>