﻿<?xml version="1.0" encoding="utf-8"?>
<LanguageData>

  <!-- Second Heart -->

  <EvolvedSecondHeart.label>高阶第二心脏</EvolvedSecondHeart.label>
  <EvolvedSecondHeart.labelNoun>高阶第二心脏</EvolvedSecondHeart.labelNoun>


  <!-- Primary Heart -->

  <EvolvedPrimaryHeart.label>高阶心脏</EvolvedPrimaryHeart.label>
  <EvolvedPrimaryHeart.labelNoun>高阶心脏</EvolvedPrimaryHeart.labelNoun>


  <!-- Kidney -->

  <EvolvedKidney.label>高阶肾</EvolvedKidney.label>
  <EvolvedKidney.labelNoun>高阶肾</EvolvedKidney.labelNoun>


  <!-- Lung -->

  <EvolvedLung.label>高阶肺</EvolvedLung.label>
  <EvolvedLung.labelNoun>高阶肺</EvolvedLung.labelNoun>


  <!-- Third Lung -->

  <EvolvedThirdLung.label>高阶第三肺</EvolvedThirdLung.label>
  <EvolvedThirdLung.labelNoun>高阶第三肺</EvolvedThirdLung.labelNoun>


  <!-- Stomach -->

  <EvolvedStomach.label>高阶胃</EvolvedStomach.label>
  <EvolvedStomach.labelNoun>高阶胃</EvolvedStomach.labelNoun>


  <!-- Liver -->

  <EvolvedLiver.label>高阶肝</EvolvedLiver.label>
  <EvolvedLiver.labelNoun>高阶肝</EvolvedLiver.labelNoun>


  <!-- Brain -->

  <EvolvedBrain.label>高阶大脑</EvolvedBrain.label>
  <EvolvedBrain.labelNoun>高阶大脑</EvolvedBrain.labelNoun>


  <!-- Eyes -->

  <EvolvedEye.label>高阶眼</EvolvedEye.label>
  <EvolvedEye.labelNoun>高阶眼</EvolvedEye.labelNoun>


  <!-- Pinions -->

  <EvolvedPinions.label>高阶齿轮</EvolvedPinions.label>
  <EvolvedPinions.labelNoun>高阶齿轮</EvolvedPinions.labelNoun>


  <!-- Glands -->

  <EvolvedCombatGlands.label>高阶战斗腺体</EvolvedCombatGlands.label>
  <EvolvedCombatGlands.labelNoun>高阶战斗腺体</EvolvedCombatGlands.labelNoun>


  <!-- Legs -->

  <EvolvedLeg.label>高阶腿</EvolvedLeg.label>
  <EvolvedLeg.labelNoun>高阶腿</EvolvedLeg.labelNoun>


  <!-- Nose -->

  <EvolvedNose.label>高阶鼻</EvolvedNose.label>
  <EvolvedNose.labelNoun>高阶鼻</EvolvedNose.labelNoun>


  <!-- Neck -->

  <EvolvedLarnyx.label>高阶喉咙</EvolvedLarnyx.label>
  <EvolvedLarnyx.labelNoun>高阶喉咙</EvolvedLarnyx.labelNoun>


  <!-- Ears -->

  <EvolvedEar.label>高阶耳</EvolvedEar.label>
  <EvolvedEar.labelNoun>高阶耳</EvolvedEar.labelNoun>


  <!-- Ribs -->

  <EvolvedRibcage.label>高阶胸腔</EvolvedRibcage.label>
  <EvolvedRibcage.labelNoun>高阶胸腔</EvolvedRibcage.labelNoun>


  <!-- Torso -->

  <EvolvedCarapace.label>高阶皮肤</EvolvedCarapace.label>
  <EvolvedCarapace.labelNoun>高阶皮肤</EvolvedCarapace.labelNoun>


  <!-- Spine -->

  <EvolvedSpine.label>高阶脊椎</EvolvedSpine.label>
  <EvolvedSpine.labelNoun>高阶脊椎</EvolvedSpine.labelNoun>


  <!-- Tail -->

  <EvolvedTail.label>高阶尾巴</EvolvedTail.label>
  <EvolvedTail.labelNoun>高阶尾巴</EvolvedTail.labelNoun>


  <!-- Jaw -->

  <EvolvedJaw.label>高阶下颌</EvolvedJaw.label>
  <EvolvedJaw.labelNoun>高阶下颌</EvolvedJaw.labelNoun>


  <!-- Spider legs -->

  <EvolvedSpider.label>高阶蜘腿</EvolvedSpider.label>
  <EvolvedSpider.labelNoun>高阶蜘腿</EvolvedSpider.labelNoun>


</LanguageData>