﻿<?xml version="1.0" encoding="utf-8"?>
<LanguageData>

  <!-- Arm -->

  <EvolvedArm.label>高阶臂</EvolvedArm.label>
  <EvolvedArm.labelNoun>高阶臂</EvolvedArm.labelNoun>

  <EvolvedArm_Secondary.label>高阶臂（次臂）</EvolvedArm_Secondary.label>
  <EvolvedArm_Secondary.labelNoun>高阶臂（次臂）</EvolvedArm_Secondary.labelNoun>


  <!-- Sabrelimb -->

  <EvolvedArmSabre.label>高阶刀臂</EvolvedArmSabre.label>
  <EvolvedArmSabre.labelNoun>高阶刀臂</EvolvedArmSabre.labelNoun>

  <EvolvedArmSabre_Secondary.label>高阶刀臂（次臂）</EvolvedArmSabre_Secondary.label>
  <EvolvedArmSabre_Secondary.labelNoun>高阶刀臂（次臂）</EvolvedArmSabre_Secondary.labelNoun>


  <!-- Macelimb -->

  <EvolvedArmMace.label>高阶锤臂</EvolvedArmMace.label>
  <EvolvedArmMace.labelNoun>高阶锤臂</EvolvedArmMace.labelNoun>

  <EvolvedArmMace_Secondary.label>高阶锤臂（次臂）</EvolvedArmMace_Secondary.label>
  <EvolvedArmMace_Secondary.labelNoun>高阶锤臂（次臂）</EvolvedArmMace_Secondary.labelNoun>


  <!-- Clawlimb -->

  <EvolvedArmClaw.label>高阶动力爪</EvolvedArmClaw.label>
  <EvolvedArmClaw.labelNoun>高阶动力爪</EvolvedArmClaw.labelNoun>

  <EvolvedArmClaw_Secondary.label>高阶动力爪（次臂）</EvolvedArmClaw_Secondary.label>
  <EvolvedArmClaw_Secondary.labelNoun>高阶动力爪（次臂）</EvolvedArmClaw_Secondary.labelNoun>


  <!-- Tentacle -->

  <EvolvedArmTentacle.label>高阶触手</EvolvedArmTentacle.label>
  <EvolvedArmTentacle.labelNoun>高阶触手</EvolvedArmTentacle.labelNoun>

  <EvolvedArmTentacle_Secondary.label>高阶触手（次臂）</EvolvedArmTentacle_Secondary.label>
  <EvolvedArmTentacle_Secondary.labelNoun>高阶触手（次臂）</EvolvedArmTentacle_Secondary.labelNoun>


  <!-- Shield Arm -->

  <EvolvedArmShield.label>高阶盾臂</EvolvedArmShield.label>
  <EvolvedArmShield.labelNoun>高阶盾臂</EvolvedArmShield.labelNoun>

  <EvolvedArmShield_Secondary.label>高阶盾臂（次臂）</EvolvedArmShield_Secondary.label>
  <EvolvedArmShield_Secondary.labelNoun>高阶盾臂（次臂）</EvolvedArmShield_Secondary.labelNoun>


</LanguageData>